545456554564,$270.00,Trunk Club Custom,York Tailoring Grade
9765323563263,$275.00,Trunk Club Custom,Misc. Custom
9999990083890,$280.00,Trunk Club Custom,Misc. Custom
9797464674868,$300.00,Trunk Club Custom,York Tailoring Grade
879878789885,$300.00,Trunk Club Custom,York Tailoring Grade
7985458798455,$300.00,Trunk Club Custom,Misc. Custom
8787878454875,$310.00,Trunk Club Custom,York Tailoring Grade
784546545645,$325.00,Trunk Club Custom,Misc. Custom
9877978798987,$350.00,Trunk Club Custom,York Tailoring Grade
798764583245,$350.00,Trunk Club Custom,Misc. Custom
885954522255,$370.00,Trunk Club Custom,London Tailoring Grade
8798546558545,$375.00,Trunk Club Custom,York Tailoring Grade
9798746465465,$375.00,Trunk Club Custom,York Tailoring Grade
7954653256565,$375.00,Trunk Club Custom,Misc. Custom
4466335535545,$390.00,Trunk Club Custom,London Tailoring Grade
7898545865525,$390.00,Trunk Club Custom,London Tailoring Grade
9999990052516,$400.00,Trunk Club Custom,York Tailoring Grade
7878454548545,$400.00,Trunk Club Custom,York Tailoring Grade
9999990052855,$400.00,Trunk Club Custom,York Tailoring Grade
9999990052863,$400.00,Trunk Club Custom,York Tailoring Grade
798465546554,$400.00,Trunk Club Custom,York Tailoring Grade
979794654644,$400.00,Trunk Club Custom,York Tailoring Grade
8546589546596,$400.00,Trunk Club Custom,Misc. Custom
9655447852665,$420.00,Trunk Club Custom,London Tailoring Grade
3333356556565,$420.00,Trunk Club Custom,London Tailoring Grade
9985566588555,$420.00,Trunk Club Custom,London Tailoring Grade
9000000005023,$420.00,Trunk Club Custom,Edinburgh Tailoring Grade
9854323265456,$420.00,Trunk Club Custom,Edinburgh Tailoring Grade
7954654625859,$425.00,Trunk Club Custom,Misc. Custom
789854565855,$430.00,Trunk Club Custom,London Tailoring Grade
9877143535535,$430.00,Trunk Club Custom,London Tailoring Grade
554654455445,$450.00,Trunk Club Custom,York Tailoring Grade
8785465546554,$450.00,Trunk Club Custom,York Tailoring Grade
9779745465655,$450.00,Trunk Club Custom,York Tailoring Grade
9000000005056,$450.00,Trunk Club Custom,Edinburgh Tailoring Grade
8768546545554,$450.00,Trunk Club Custom,Edinburgh Tailoring Grade
7987654656465,$450.00,Trunk Club Custom,Misc. Custom
8787894556555,$470.00,Trunk Club Custom,London Tailoring Grade
988765546554,$470.00,Trunk Club Custom,Edinburgh Tailoring Grade
6665558887445,$475.00,Trunk Club Custom,London Tailoring Grade
5654654655855,$475.00,Trunk Club Custom,Misc. Custom
985114522655,$500.00,Trunk Club Custom,London Tailoring Grade
979874564556,$500.00,Trunk Club Custom,Edinburgh Tailoring Grade
7979464685855,$510.00,Trunk Club Custom,York Tailoring Grade
9446546466454,$520.00,Trunk Club Custom,York Tailoring Grade
998784565465,$540.00,Trunk Club Custom,York Tailoring Grade
2222122212214,$550.00,Trunk Club Custom,London Tailoring Grade
879845654565,$550.00,Trunk Club Custom,Misc. Custom
258741215455,$575.00,Trunk Club Custom,York Tailoring Grade
9744665465654,$590.00,Trunk Club Custom,Edinburgh Tailoring Grade
7845655465545,$600.00,Trunk Club Custom,Misc. Custom
9987898789878,$620.00,Trunk Club Custom,York Tailoring Grade
6796787878785,$620.00,Trunk Club Custom,York Tailoring Grade
9999990083909,$630.00,Trunk Club Custom,Misc. Custom
6464644545568,$650.00,Trunk Club Custom,London Tailoring Grade
2256525741147,$650.00,Trunk Club Custom,London Tailoring Grade
9999990054596,$650.00,Trunk Club Custom,Edinburgh Tailoring Grade
8789456554655,$650.00,Trunk Club Custom,Misc. Custom
9999990052675,$660.00,Trunk Club Custom,York Tailoring Grade
877668654655,$660.00,Trunk Club Custom,York Tailoring Grade
665644987654,$670.00,Trunk Club Custom,London Tailoring Grade
900000005016,$670.00,Trunk Club Custom,Edinburgh Tailoring Grade
3332245215415,$700.00,Trunk Club Custom,London Tailoring Grade
9854659854659,$700.00,Trunk Club Custom,Edinburgh Tailoring Grade
997894646668,$700.00,Trunk Club Custom,Edinburgh Tailoring Grade
700025452454,$700.00,Trunk Club Custom,Misc. Custom
9999990083901,$710.00,Trunk Club Custom,Misc. Custom
8946432216585,$750.00,Trunk Club Custom,York Tailoring Grade
8798546554658,$750.00,Trunk Club Custom,Misc. Custom
879786554685,$775.00,Trunk Club Custom,York Tailoring Grade
9999991384891,$795.00,Trunk Club Custom,Misc. Custom
846546565657,$800.00,Trunk Club Custom,York Tailoring Grade
9999990053020,$800.00,Trunk Club Custom,York Tailoring Grade
7987653656555,$800.00,Trunk Club Custom,Misc. Custom
9892981395168,$820.00,Trunk Club Custom,London Tailoring Grade
2225522522525,$820.00,Trunk Club Custom,Edinburgh Tailoring Grade
988746586545,$850.00,Trunk Club Custom,York Tailoring Grade
4444555545454,$850.00,Trunk Club Custom,Edinburgh Tailoring Grade
2322311554555,$850.00,Trunk Club Custom,Edinburgh Tailoring Grade
9879465652665,$890.00,Trunk Club Custom,Windsor Tailoring Grade
8466844649854,$900.00,Trunk Club Custom,London Tailoring Grade
979846546549,$900.00,Trunk Club Custom,Edinburgh Tailoring Grade
8798545646556,$900.00,Trunk Club Custom,Misc. Custom
8784553123255,$950.00,Trunk Club Custom,Misc. Custom
4656596565854,"$1,000.00",Trunk Club Custom,Misc. Custom
2121545454214,"$1,060.00",Trunk Club Custom,Edinburgh Tailoring Grade
6545665456654,"$1,070.00",Trunk Club Custom,Buckingham Tailoring Grade
797646496546,"$1,100.00",Trunk Club Custom,York Tailoring Grade
8757454875454,"$1,100.00",Trunk Club Custom,Misc. Custom
898542555556,"$1,120.00",Trunk Club Custom,Windsor Tailoring Grade
5454545454545,"$1,150.00",Trunk Club Custom,Florence Tailoring Grade
9999990083904,"$1,165.00",Trunk Club Custom,Misc. Custom
213216546565,"$1,170.00",Trunk Club Custom,Edinburgh Tailoring Grade
9999990083894,"$1,180.00",Trunk Club Custom,Misc. Custom
4656988213365,"$1,200.00",Trunk Club Custom,London Tailoring Grade
1246794316464,"$1,200.00",Trunk Club Custom,York Tailoring Grade
987987889798,"$1,200.00",Trunk Club Custom,Windsor Tailoring Grade
985545656855,"$1,200.00",Trunk Club Custom,Windsor Tailoring Grade
8775454875454,"$1,200.00",Trunk Club Custom,Misc. Custom
8798455655654,"$1,250.00",Trunk Club Custom,York Tailoring Grade
4658798456554,"$1,250.00",Trunk Club Custom,York Tailoring Grade
5454542154212,"$1,250.00",Trunk Club Custom,Florence Tailoring Grade
987964555465,"$1,260.00",Trunk Club Custom,London Tailoring Grade
988784556459,"$1,260.00",Trunk Club Custom,Edinburgh Tailoring Grade
4586213985565,"$1,270.00",Trunk Club Custom,London Tailoring Grade
9000000005054,"$1,300.00",Trunk Club Custom,Edinburgh Tailoring Grade
7542185653216,"$1,300.00",Trunk Club Custom,Misc. Custom
885554662225,"$1,330.00",Trunk Club Custom,London Tailoring Grade
798456855422,"$1,330.00",Trunk Club Custom,London Tailoring Grade
9999990083900,"$1,350.00",Trunk Club Custom,Misc. Custom
2133215648585,"$1,370.00",Trunk Club Custom,Florence Tailoring Grade
9985585454658,"$1,380.00",Trunk Club Custom,Florence Tailoring Grade
694614656535,"$1,400.00",Trunk Club Custom,Buckingham Tailoring Grade
900000005013,"$1,400.00",Trunk Club Custom,Edinburgh Tailoring Grade
8754198651655,"$1,400.00",Trunk Club Custom,Misc. Custom
468665865656,"$1,430.00",Trunk Club Custom,Buckingham Tailoring Grade
5454121515151,"$1,430.00",Trunk Club Custom,York Tailoring Grade
8544565445454,"$1,430.00",Trunk Club Custom,Windsor Tailoring Grade
751425665215,"$1,430.00",Trunk Club Custom,Windsor Tailoring Grade
8454565585655,"$1,450.00",Trunk Club Custom,Edinburgh Tailoring Grade
9999990083891,"$1,460.00",Trunk Club Custom,Misc. Custom
6655654654655,"$1,470.00",Trunk Club Custom,Buckingham Tailoring Grade
465547465445,"$1,480.00",Trunk Club Custom,Windsor Tailoring Grade
745845459854,"$1,500.00",Trunk Club Custom,Buckingham Tailoring Grade
8878455457485,"$1,500.00",Trunk Club Custom,Buckingham Tailoring Grade
770709070707,"$1,500.00",Trunk Club Custom,Florence Tailoring Grade
7113259894625,"$1,500.00",Trunk Club Custom,Misc. Custom
9999990083902,"$1,530.00",Trunk Club Custom,Misc. Custom
4454556456545,"$1,550.00",Trunk Club Custom,York Tailoring Grade
7979766546536,"$1,570.00",Trunk Club Custom,London Tailoring Grade
9000000005041,"$1,580.00",Trunk Club Custom,Edinburgh Tailoring Grade
9000000005037,"$1,580.00",Trunk Club Custom,Edinburgh Tailoring Grade
974696656855,"$1,590.00",Trunk Club Custom,Buckingham Tailoring Grade
6325658542655,"$1,600.00",Trunk Club Custom,London Tailoring Grade
7485495656864,"$1,600.00",Trunk Club Custom,Misc. Custom
9665654654654,"$1,630.00",Trunk Club Custom,York Tailoring Grade
7978654314585,"$1,650.00",Trunk Club Custom,Buckingham Tailoring Grade
4646545464544,"$1,650.00",Trunk Club Custom,York Tailoring Grade
789854654868,"$1,650.00",Trunk Club Custom,Windsor Tailoring Grade
2332323232323,"$1,650.00",Trunk Club Custom,Florence Tailoring Grade
9999990054074,"$1,650.00",Trunk Club Custom,Florence Tailoring Grade
9999990083893,"$1,660.00",Trunk Club Custom,Misc. Custom
9764646463546,"$1,670.00",Trunk Club Custom,York Tailoring Grade
8768546546545,"$1,680.00",Trunk Club Custom,Windsor Tailoring Grade
6655685546559,"$1,690.00",Trunk Club Custom,London Tailoring Grade
683546546545,"$1,700.00",Trunk Club Custom,Florence Tailoring Grade
369547854112,"$1,700.00",Trunk Club Custom,Misc. Custom
575757575457,"$1,720.00",Trunk Club Custom,York Tailoring Grade
3544767167468,"$1,730.00",Trunk Club Custom,London Tailoring Grade
7894646465422,"$1,750.00",Trunk Club Custom,London Tailoring Grade
965844785326,"$1,750.00",Trunk Club Custom,London Tailoring Grade
9999990083895,"$1,760.00",Trunk Club Custom,Misc. Custom
879465549841,"$1,800.00",Trunk Club Custom,Buckingham Tailoring Grade
9999990053678,"$1,800.00",Trunk Club Custom,Windsor Tailoring Grade
8745126542154,"$1,800.00",Trunk Club Custom,Misc. Custom
889898989988,"$1,820.00",Trunk Club Custom,Edinburgh Tailoring Grade
8878798798797,"$1,820.00",Trunk Club Custom,Edinburgh Tailoring Grade
8754878548754,"$1,830.00",Trunk Club Custom,York Tailoring Grade
987846546544,"$1,830.00",Trunk Club Custom,Florence Tailoring Grade
6598989654555,"$1,840.00",Trunk Club Custom,Buckingham Tailoring Grade
9999990051270,"$1,840.00",Trunk Club Custom,Buckingham Tailoring Grade
7454546565565,"$1,850.00",Trunk Club Custom,Buckingham Tailoring Grade
7875466466454,"$1,860.00",Trunk Club Custom,York Tailoring Grade
879876542156,"$1,860.00",Trunk Club Custom,Windsor Tailoring Grade
879854655465,"$1,870.00",Trunk Club Custom,Edinburgh Tailoring Grade
987654374368,"$1,880.00",Trunk Club Custom,London Tailoring Grade
984565878154,"$1,900.00",Trunk Club Custom,York Tailoring Grade
987654654687,$50.00,Trunk Club Custom,Misc. Custom
8746546874654,$75.00,Trunk Club Custom,Misc. Custom
9874654646545,$100.00,Trunk Club Custom,Misc. Custom
785465546554,$125.00,Trunk Club Custom,Misc. Custom
8468543248432,$150.00,Trunk Club Custom,Misc. Custom
7468786756545,$170.00,Trunk Club Custom,York Tailoring Grade
9999990052627,$170.00,Trunk Club Custom,York Tailoring Grade
798765462132,$175.00,Trunk Club Custom,Misc. Custom
9999990052878,$180.00,Trunk Club Custom,York Tailoring Grade
125451326421,$180.00,Trunk Club Custom,York Tailoring Grade
9999990083889,$190.00,Trunk Club Custom,Misc. Custom
7946265653656,$200.00,Trunk Club Custom,Misc. Custom
7987564655465,$210.00,Trunk Club Custom,York Tailoring Grade
9999990052364,$210.00,Trunk Club Custom,York Tailoring Grade
255552552525,$220.00,Trunk Club Custom,York Tailoring Grade
9999990052635,$220.00,Trunk Club Custom,York Tailoring Grade
878455321525,$225.00,Trunk Club Custom,Misc. Custom
9999990055012,$225.00,Trunk Club Custom,Misc. Custom
8765458655454,$240.00,Trunk Club Custom,York Tailoring Grade
9999990052413,$240.00,Trunk Club Custom,York Tailoring Grade
778845655465,$250.00,Trunk Club Custom,York Tailoring Grade
9999990052701,$250.00,Trunk Club Custom,York Tailoring Grade
5765465654654,$250.00,Trunk Club Custom,Misc. Custom
9999990052892,$270.00,Trunk Club Custom,York Tailoring Grade
210210210210,"$1,900.00",Trunk Club Custom,Florence Tailoring Grade
7459895654655,"$1,900.00",Trunk Club Custom,Misc. Custom
9999990083898,"$1,920.00",Trunk Club Custom,Misc. Custom
987946464685,"$1,930.00",Trunk Club Custom,Edinburgh Tailoring Grade
9000000005035,"$1,930.00",Trunk Club Custom,Edinburgh Tailoring Grade
4546465846546,"$1,950.00",Trunk Club Custom,Buckingham Tailoring Grade
963633653355,"$1,950.00",Trunk Club Custom,Buckingham Tailoring Grade
213253213232,"$1,960.00",Trunk Club Custom,York Tailoring Grade
9874546565656,"$1,960.00",Trunk Club Custom,Windsor Tailoring Grade
741698545265,"$1,980.00",Trunk Club Custom,London Tailoring Grade
8751428565658,"$1,990.00",Trunk Club Custom,Buckingham Tailoring Grade
5465786547455,"$2,000.00",Trunk Club Custom,Buckingham Tailoring Grade
7489565985545,"$2,000.00",Trunk Club Custom,Misc. Custom
900000005014,"$2,020.00",Trunk Club Custom,Edinburgh Tailoring Grade
9000000005025,"$2,030.00",Trunk Club Custom,Edinburgh Tailoring Grade
9999990051883,"$2,040.00",Trunk Club Custom,London Tailoring Grade
8798876554655,"$2,050.00",Trunk Club Custom,Edinburgh Tailoring Grade
9999990054360,"$2,050.00",Trunk Club Custom,Edinburgh Tailoring Grade
9000000005039,"$2,060.00",Trunk Club Custom,Edinburgh Tailoring Grade
9999990053974,"$2,080.00",Trunk Club Custom,Florence Tailoring Grade
8746835164354,"$2,100.00",Trunk Club Custom,London Tailoring Grade
9000000005026,"$2,100.00",Trunk Club Custom,Edinburgh Tailoring Grade
8765455676516,"$2,100.00",Trunk Club Custom,Misc. Custom
744584112555,"$2,120.00",Trunk Club Custom,Buckingham Tailoring Grade
4178875478458,"$2,120.00",Trunk Club Custom,Buckingham Tailoring Grade
9999990083912,"$2,140.00",Trunk Club Custom,Misc. Custom
222554865165,"$2,150.00",Trunk Club Custom,London Tailoring Grade
9000000005050,"$2,170.00",Trunk Club Custom,Edinburgh Tailoring Grade
3216543154556,"$2,170.00",Trunk Club Custom,Edinburgh Tailoring Grade
999854451455,"$2,200.00",Trunk Club Custom,Edinburgh Tailoring Grade
9965656421125,"$2,200.00",Trunk Club Custom,Edinburgh Tailoring Grade
7412589632587,"$2,200.00",Trunk Club Custom,Misc. Custom
8798765456545,"$2,240.00",Trunk Club Custom,Edinburgh Tailoring Grade
9999990083916,"$2,250.00",Trunk Club Custom,Misc. Custom
5765549876545,"$2,270.00",Trunk Club Custom,York Tailoring Grade
7441447447445,"$2,300.00",Trunk Club Custom,York Tailoring Grade
8879546128535,"$2,300.00",Trunk Club Custom,Windsor Tailoring Grade
7489569852354,"$2,300.00",Trunk Club Custom,Misc. Custom
9999990083913,"$2,310.00",Trunk Club Custom,Misc. Custom
8456852266565,"$2,330.00",Trunk Club Custom,London Tailoring Grade
9999990051757,"$2,330.00",Trunk Club Custom,London Tailoring Grade
7945355465354,"$2,330.00",Trunk Club Custom,London Tailoring Grade
7484626626251,"$2,380.00",Trunk Club Custom,York Tailoring Grade
9000000005033,"$2,400.00",Trunk Club Custom,Edinburgh Tailoring Grade
898655465484,"$2,420.00",Trunk Club Custom,Buckingham Tailoring Grade
798764686565,"$2,420.00",Trunk Club Custom,Buckingham Tailoring Grade
976546256865,"$2,430.00",Trunk Club Custom,Buckingham Tailoring Grade
688766876476,"$2,430.00",Trunk Club Custom,York Tailoring Grade
9874154546545,"$2,470.00",Trunk Club Custom,Buckingham Tailoring Grade
9000000005027,"$2,500.00",Trunk Club Custom,Edinburgh Tailoring Grade
8798746545512,"$2,500.00",Trunk Club Custom,Misc. Custom
9999990083920,"$2,510.00",Trunk Club Custom,Misc. Custom
9999990052452,"$2,550.00",Trunk Club Custom,York Tailoring Grade
3322565522554,"$2,560.00",Trunk Club Custom,London Tailoring Grade
9999990051402,"$2,600.00",Trunk Club Custom,Buckingham Tailoring Grade
459542546565,"$2,600.00",Trunk Club Custom,Edinburgh Tailoring Grade
8745535486654,"$2,600.00",Trunk Club Custom,Misc. Custom
9000000005052,"$2,690.00",Trunk Club Custom,Edinburgh Tailoring Grade
646868465546,"$2,700.00",Trunk Club Custom,Edinburgh Tailoring Grade
9999990083918,"$2,740.00",Trunk Club Custom,Misc. Custom
774467544545,"$2,770.00",Trunk Club Custom,London Tailoring Grade
8768546546565,"$2,800.00",Trunk Club Custom,Edinburgh Tailoring Grade
9658741258655,"$2,800.00",Trunk Club Custom,Misc. Custom
987876843554,"$2,900.00",Trunk Club Custom,Windsor Tailoring Grade
748965623565,"$2,900.00",Trunk Club Custom,Misc. Custom
7851258256252,"$3,000.00",Trunk Club Custom,Buckingham Tailoring Grade
476455465555,"$3,000.00",Trunk Club Custom,Misc. Custom
7655486685465,"$3,030.00",Trunk Club Custom,York Tailoring Grade
867465465465,"$3,040.00",Trunk Club Custom,Edinburgh Tailoring Grade
9999990083933,"$3,060.00",Trunk Club Custom,Misc. Custom
754654465654,"$3,100.00",Trunk Club Custom,Misc. Custom
979465656566,"$3,150.00",Trunk Club Custom,Edinburgh Tailoring Grade
879465546565,"$3,200.00",Trunk Club Custom,Misc. Custom
212114544544,"$3,300.00",Trunk Club Custom,Florence Tailoring Grade
333335323323,"$3,350.00",Trunk Club Custom,Edinburgh Tailoring Grade
8646568866685,"$3,390.00",Trunk Club Custom,London Tailoring Grade
7876546554985,"$3,400.00",Trunk Club Custom,Misc. Custom
9654878546545,"$3,500.00",Trunk Club Custom,Misc. Custom
9999990139452,"$3,500.00",Trunk Club Custom,Misc. Custom
9788456554656,"$3,600.00",Trunk Club Custom,Misc. Custom
8798546554656,"$3,700.00",Trunk Club Custom,Misc. Custom
9999990139454,"$3,800.00",Trunk Club Custom,Misc. Custom
9654988754216,"$3,900.00",Trunk Club Custom,Misc. Custom
9654897865125,"$4,000.00",Trunk Club Custom,Misc. Custom
8798545554654,"$4,100.00",Trunk Club Custom,Misc. Custom
9999990139456,"$4,100.00",Trunk Club Custom,Misc. Custom
9999990051963,"$4,200.00",Trunk Club Custom,London Tailoring Grade
365689546566,"$4,300.00",Trunk Club Custom,Misc. Custom
9999990139457,"$4,300.00",Trunk Club Custom,Misc. Custom
9999990083940,"$4,330.00",Trunk Club Custom,Misc. Custom
9658746554686,"$4,400.00",Trunk Club Custom,Misc. Custom
6549876596569,"$4,500.00",Trunk Club Custom,Misc. Custom
9659874213265,"$4,600.00",Trunk Club Custom,Misc. Custom
8798546541654,"$5,000.00",Trunk Club Custom,Misc. Custom
9999990139465,"$5,500.00",Trunk Club Custom,Misc. Custom
9999990083930,"$6,300.00",Trunk Club Custom,Misc. Custom
9999990083922,"$6,500.00",Trunk Club Custom,Misc. Custom
9999990139467,"$7,000.00",Trunk Club Custom,Misc. Custom
9999990083938,"$7,500.00",Trunk Club Custom,Misc. Custom
9999990139470,"$9,500.00",Trunk Club Custom,Misc. Custom
9999990139473,"$11,000.00",Trunk Club Custom,Misc. Custom
9999990139475,"$12,000.00",Trunk Club Custom,Misc. Custom
9999990139481,"$15,000.00",Trunk Club Custom,Misc. Custom